page,primary_keyword,secondary_keywords,semantic_keywords,related_entities,search_intent,funnel_stage,difficulty,priority
index.html#top,full stack developer Bengaluru,"full stack developer India; Angular React developer India","frontend backend cloud developer; 12+ years experience","Tunir Saha; Bengaluru; FICO",Navigational/Commercial,Awareness,Medium,High
index.html#summary,Tunir Saha lead engineer FICO,"software engineering lead Bengaluru; senior full stack engineer India","end-to-end web mobile cloud delivery; team leadership","FICO; IBM; Accenture; Cognizant",Informational,Awareness,Low,High
index.html#arsenal,Angular React Node.js developer,"TypeScript developer India; Python FastAPI developer; micro-frontend engineer","Module Federation; NgRx; RxJS; REST APIs; PostgreSQL MySQL MongoDB","Angular; React; Node.js; AWS; Azure; GCP",Commercial,Consideration,Medium,High
index.html#missions,full stack developer work experience,"FICO IBM Accenture Cognizant developer; enterprise micro-frontend engineer","sprint planning; code review; architecture decisions","FICO; IBM; Accenture; Blue Space Labs; Bridgera; Cognizant",Informational/Trust,Consideration,Low,High
index.html#lab,Tunir Saha side projects,"BillMate invoicing app; Between midpoint finder; Buttons habit tracker","offline-first PWA; GST invoicing; IndexedDB","BillMate; Between; Buttons; SocietyKit",Informational/Trust,Consideration,Low,Medium
index.html#dossier,Tunir Saha credentials,"B.Tech electrical engineering; Azure certification; patent publication","patent WIPO; Google Scholar; AWS hackathon winner","B.P. Poddar Institute; WIPO; Google Scholar",Informational/Trust,Consideration,Low,Medium
index.html#telemetry,who is Tunir Saha,"Tunir Saha tech stack; how to contact Tunir Saha","FAQ; entity resolution; AI answer engine query","Tunir Saha",Informational,Consideration,Low,High
index.html#contact,hire Tunir Saha,"contact full stack developer Bengaluru; freelance consulting developer India","email; availability; get in touch",Tunir Saha,Transactional,Decision,Low,High
Tunir_Saha_Resume.pdf,Tunir Saha resume,"full stack developer resume PDF; ATS readable resume India","selectable text layer; ATS parsing",Tunir Saha,Transactional,Decision,Low,High
projects/billmate/,GST invoicing software India,"GST-compliant billing app; invoicing app for Indian businesses","Angular PHP MySQL invoicing tool",BillMate,Commercial,Consideration,Low,Medium
projects/between/,find fair midpoint between two people,"meeting point finder app; offline map PWA","Leaflet OpenStreetMap; offline-capable PWA",Between,Informational,Consideration,Low,Low
projects/buttons/,one-tap habit and event logger,"baby feed tracker app; repeated event logging PWA","offline-first PWA; CSV export; shared logging",Buttons,Informational,Consideration,Low,Low
llms.txt,Tunir Saha AI visibility file,"llms.txt full stack developer; AI answer engine profile","entity resolution; retrieval crawler; answer engine citation",Tunir Saha,Informational,Awareness,Low,High
